AT001ALB00001,Albania,ZPA_SAR_F01_01,Rozafa,Rozafa shpk,"Njesia bashkiake Nr. 2. Rruga Luigj Gurakuqi, Pall. 89.",Rozafa shpk,"Njesia bashkiake Nr. 2. Rruga Luigj Gurakuqi, Pall. 89.","39°57'59.57""N 19°52'0.19""E - 39°58'16.25""N 19°52'49.27""E - 39°56'20.97""N 19°53'47.91""E - 39°56'02.59""N 19°52'59.32""E",500
AT001DZA00001,Algerie,DZA FARM 01-24,SOUFI TUNA,SARL SOUFI FISH,"SIDI AMER, BAB ERIH, Numéro 22, Ghazaouet, Tlemcen, Algérie",SARL SOUFI FISH,"SIDI AMER, BAB ERIH, Numéro 22, Ghazaouet, Tlemcen, Algérie",HUNAIN Tlemcen HUNAIN Tlemcen A: 35°11'16.46''N 1°42'53.22''O B: 35°11'3.51''N 1°42'41.65''O C: 35°11'32.31''N 1°42'29.20''O D: 35°11'19.31''N 1°42'17.97''O,950
ATEU1HRV00012,EU-Croatia,220,KALI TUNA D.O.O.,KALI TUNA D.O.O.,"PUT VELE LUKE 70, 23272 KALI, CROATIA",KALI TUNA D.O.O.,"PUT VELE LUKE 70, 23272 KALI, CROATIA",MRÐINA LAVDARA: FIELD 3 and FIELD 4; ZVERINAC: FIELD A and FIELD B FULIJA I KUDICA,1516.9
ATEU1HRV00011,EU-Croatia,138,PELAGOS NET FARMA D.O.O.,PELAGOS NET FARMA D.O.O.,"GAŽENICKA CESTA 28B, 23000 ZADAR, CROATIA",PELAGOS NET FARMA D.O.O.,"GAŽENICKA CESTA 28B, 23000 ZADAR, CROATIA","N 4866849.37, 4866572.13, 4866813.19, 4867090.43, 4866779.47, 4866538.41 E 400922.29, 401608.4, 401705.8, 401019.7, 401789.25, 401691.84",1827
ATEU1HRV00006,EU-Croatia,86,SARDINA D.O.O.,SARDINA D.O.O,"GAŽENICKA CESTA 28B, 23000 ZADAR, CROATIA",SARDINA D.O.O.,"GAŽENICKA CESTA 28B, 23000 ZADAR, CROATIA","N 4794270.00, 4794448.06, 4794112.87, 4793934.81 E 498240.35, 498429.80, 498744.84, 498555.39",1854.9
ATEU1HRV00008,EU-Croatia,139,JADRAN TUNA d.o.o,JADRAN TUNA D.O.O,"VUKOVARSKA 86, BIOGRAD N/M, CROATIA",JADRAN TUNA D.O.O.,"VUKOVARSKA 86, BIOGRAD N/M, CROATIA",NE OD OTOKA GIRA: FIELD GIRA 1 AND FIELD GIRA 2,1893.04
ATEU1CYP00002,EU-Cyprus,014,Kitiana Fisheries Ltd.,KITIANA FISHERIES LTD.,"P.O. BOX 55576, 3781 LIMASSOL, CYPRUS",KITIANA FISHERIES LTD.,"P.O. BOX 55576, 3781 LIMASSOL, CYPRUS","SOUTH COAST OF CYPRUS (VASILIKO). COORDINATES 33° 14' 95"" E; 34° 41' 09"" N.",0
ATEU1CYP00003,EU-Cyprus,015,Oceanis Aquaculture Ltd,OCEANIS AQUACULTURE LTD,"P.O. BOX 55576, 3781 LIMASSOL, CYPRUS",OCEANIS AQUACULTURE LTD,"P.O. BOX 55576, 3781 LIMASSOL, CYPRUS","SOUTH COAST OF CYPRUS (VASILIKO). COORDINATES 33° 16' 03"" E; 34° 40' 79"" N.",0
ATEU1CYP00001,EU-Cyprus,07,KIMAGRO FISHFARMING LTD,KIMAGRO FISHFARMING LTD,"P.O. BOX 55576, 3781 LIMASSOL, CYPRUS",KIMAGRO FISHFARMING LTD,"P.O. BOX 55576, 3781 LIMASSOL, CYPRUS","SOUTH COAST OF CYPRUS, (LIMASSOL). COORDINATES: 33° 02´ 40"" E 34° 38´ 49"" N",0
ATEU1ESP00001,EU-España,ICAR 01,TUNA GRASO,TUNA GRASO S.A.,"CTRA. DE LA PALMA, KM 7. PARAJE LA ESTRELLA, 30.593 CARTAGENA",TUNA GRASO S.A.,"CTRA. DE LA PALMA, KM 7. PARAJE LA ESTRELLA, 30.593 CARTAGENA","LATITUD: N 37º45,95' LONGITUD: W 00º39,49'",2100
ATEU1ESP00002,EU-España,ICAR 02,ATUNES DE MAZARRON,"ATUNES DE MAZARRON, S.L.","CTRA. MURCIA-MAZARRON KM.49,1 (MU-630) 30.870 MAZARRON (MURCIA)","ATUNES DE MAZARRON, S.L.","CTRA. MURCIA-MAZARRON KM.49,1 (MU-630) 30.870 MAZARRON (MURCIA)",A:37º47'36.47''N 00º40'55.56''W B:37º47'36.55''N 01º22'45.30''W C:37º30'15.90''N 01º23'03.02''W D:37º30'24.94''N 01º23'19.63''W,0
ATEU1ESP00003,EU-España,ICAR 03,CALADEROS DEL MEDITERRANEO,"CALADEROS DEL MEDITERRANEO, S.L.","CTRA. DE LA PALMA, KM 7. PARAJE LA ESTRELLA, 30593 CARTAGENA",CALADEROS DEL MEDITERRÁNEO S.L.,"CTRA. DE LA PALMA, KM 7. PARAJE LA ESTRELLA, 30593 CARTAGENA",A:37º34'30.40''N 00º49'95.30''W B:37º34'06.60''N 00º50'11.40''W. C:67º34'25.80''N 00º50'56.20''W D:37º34'49.60''N 00º50'40.10''W,1925
ATEU1ESP00004,EU-España,ICAR 04,ENSENADA DE BARBATE,"PESQUERIAS DE ALMADRABA, S.A.",PUERTO DE BARBATE S/N-11160 BARBATE-CADIZ,"PESQUERIAS DE ALMADRABA, S.A.",PUERTO DE BARBATE S/N-11160 BARBATE-CADIZ,"A: 36º 08' 58,38""05º 55' 51,60"" B: 36º 08' 55,38""05º 55' 42,84"" C: 36º 08' 59,40""05º 55' 41,88"" D:36º 09' 02,40""05º 55' 50,52”",1400
ATEU1ESP00005,EU-España,ICAR 05,"BALFEGO TUNA, S.L.","BALFEGO TUNA, S.L.","POLIGONO INDUSTRIAL, EDIFICI BALFEGÓ. L'AMETLLA DE MAR TARRAGONA",Balfego & Balfego S.L.,"Poligono Industrial, Edifici Balfegó. L'Ametlla de Mar Tarragona","A: 40º 51,5´N 00º 51,0 ´E B:40º 51,95´N 00º 51,17´E C:40º 51,57´N 00º 51,5´E D: 40º 51,9´N 00º 51,61´E",6160
ATEU1ESP00006,EU-España,ICAR 06,PISCIFACTORIAS ALBADALEJO S.L.,PISCIFACTORIAS ALBADALEJO S.L.,Av. Artero Guirao 240 30740 San Pedro del Pinatar (Murcia) España,PISCIFACTORIAS ALBADALEJO S.L.,AV. ARTERO GUIRAO 240 30740 SAN PEDRO DEL PINATAR (MURCIA) ESPAÑA,A:37º47´36.47''N 00º40'55.06''W B:37º47'35.98''N 00º40'30.55''W C:37º47´19.77''N 00º40'31.06''W D:37º47'20.26''N 00º40'55.57''W,0
ATEU1ESP00008,EU-España,ICAR 08,TUNA FARMS,"TUNA FARMS OF MEDITERRANEO, S.L.","C/ SIERRA DE LA PILA, Nº 4. SAN JAVIER (MURCIA)","(1) TUNA FARMS OF MEDITERRANEO, S.L.; (2) MAGURO BALEARES S.L.","(1) C/ SIERRA DE LA PILA, Nº 4. SAN JAVIER (MURCIA) (2) SIERRA DE LA PILA, 4, SAN JAVIER, MURCIA, SPAIN",A:37º34'25''N 00º52'32''W B:37º34'25''N 00º52'12''W C:37º34'13''N 00º52'32''W D:37º34'13''N 00º52'12''W,0
ATEU1ESP00011,EU-España,ICAR 11,CALADEROS DEL MEDITERRANEO 2,CALADEROS DEL MEDITERRANEO 2,"CTRA. DE LA PALMA, KM 7. PARAJE LA ESTRELLA, 30.593 CARTAGENA",CALADEROS DEL MEDITERRANEO S.L.,"CTRA. DE LA PALMA, KM 7. PARAJE LA ESTRELLA, 30.593 CARTAGENA","37º 34´06,341´´ N ; 000º 52´39,300´´ W 37º 33´59,998´´ N ; 000º 53´12,358´´ W 37º 33´44,272´´ N ; 000º 53´12,802´´ W 37º",1155
ATEU1ESP00013,EU-España,ICAR 13,NATURE PESCA S.L.,NATURE PESCA S.L.,"PARAJE CERRO ALTO S/N, A.C. 386 04620 VERA, ALMERIA",NATURE PESCA S.L.,"PARAJE CERRO ALTO S/N, A.C. 386 04620 VERA, ALMERIA","A: 37º 13,79ºN 0001º 44,803 W B:37º 13,1ºN 001W C:37º 13,6N 001º 44,5W D:37º 13,2ºN 001 45,2 W",0
ATEU1ESP00014,EU-España,ICAR 14,PISCIFACTORIAS DEL MEDITERRANEO,"PISCIFACTORIAS DEL MEDITERRANEO, S.L.","CTRA. DE LA PALMA, KM 7. PARAJE LA ESTRELLA, 30593 CARTAGENA","PISCIFACTORIAS DEL MEDITERRANEO, S.L.","CTRA. DE LA PALMA, KM 7. PARAJE LA ESTRELLA, 30593 CARTAGENA","A: 37º 49`,6N 000º 40´,7 W C: 37º 49´,6N 000º 40´,4W B: 37º 49´,0 N 000º 40´,5 W D: 37º 49´,0 N 000º 41´,0 W""",1680
ATEU1ESP00019,EU-España,ICAR 19,PISCIFACTORIAS DEL MEDITERRANEO 2,"PISCIFACTORIAS DEL MEDITERRÁNEO, S.L","Avd. del Pilar, 74 30740 San Pedro del Pinatar, Murcia","PISCIFACTORIAS DEL MEDITERRÁNEO, S.L","Avd. del Pilar, 74 30740 San Pedro del Pinatar, Murcia","A 37º 53,064’ N 0º 41,780’ W B 37º 52,987’ N 0º 41,453’ W C 37º 52,520’ N 0º 41,627’ W D 37º 52,597’ N 0º 41,954’ W",70
ATEU1ESP00018,EU-España,ICAR 18,ITSAS BALFEGO,ITSAS BALFEGÓ S.L.,"Poligono Industrial, Edifici Balfegó. L'Ametlla de Mar Tarragona",ITSAS BALFEGÓ S.L.,"Poligono Industrial, Edifici Balfegó. L'Ametlla de Mar Tarragona","A:43º22,337´N 02º10,962'W B:43º22,564'N 02º10,353'W C:43º22,166´N 02º10,080'W D:43º21,953’N 02º10,706'W",280
ATEU1GRC00002,EU-Greece,GR02/2007,GLARONISI FISHERIES Ltd,GLARONISI FISHERIES Ltd,"12 APOLLONOS ST., ATHENS 10557, GREECE",GLARONISI FISHERIES Ltd,"12 APOLLONOS ST., ATHENS 10557, GREECE","GLARONISI ISLAND, latitude - longitude, 38.11634853491745 22.97676785229843, 38.11476441906379 22.979998337758474, 38.11430500861842 22.979637418828407, 38.11588912375848 22.976406934730914",1100
ATEU1GRC00001,EU-Greece,GR 01/2004,AVRAMAR AQUACULTURE S.A.,AVRAMAR AQUACULTURE S.A.,"19,3 km Markopoulou - Paiania Ave., Paiania 19002, Greece",AVRAMAR AQUACULTURE S.A.,"19,3 km Markopoulou - Paiania Ave., Paiania 19002, Greece","ECHINADES ISLANDS, PREFECTURE OF KEFALLONIA - ITHAKI ISLANDS",1000
ATEU1ITA00005,EU-Italy,ITA-FAR005,PESCAZZURRA S.R.L.,PESCAZZURRA S.R.L.,VIA TOMMASO CANNIZZARO N. 155 - MILAZZO (ME),PESCAZZURRA S.R.L.,VIA TOMMASO CANNIZZARO N. 155 - MILAZZO (ME),MILAZZO (ME),0
ATEU1ITA00006,EU-Italy,ITA-FAR006,Societa' Cooperativa Pescatori Cala Bianca,Societa' Cooperativa Pescatori Cala Bianca,Via Diaz n. 90 - 84050 Camerota (SA),O.P. V.ITA Tonno Consorzio a r.l.,Via Generale G. Natella n. 7 - 84123 Salerno (SA),"Marina di Camerota (SA) PUNTO 1: LAT: 39°57,903' N LONG: 15°21,295' E PUNTO 2: LAT: 39°57,903'N LONG: 15°21,045' E PUNTO 3: LAT: 39°58,000' N LONG: 15°21,295' E PUNTO 4: LAT: 39°58,000' N LONG: 15°21,045' E",0
ATEU1ITA00007,EU-Italy,ITA-FAR007,SOC. ITTICA TRAPPETO A.R.L.,SOC. ITTICA TRAPPETO A.R.L.,"VIA TRIESTE N.32, 91199, TRAPANI (TP)",SOC. ITTICA TRAPPETO A.R.L.,"VIA TRIESTE N.32, 91199, TRAPANI (TP)",TRAPPETO (PA),0
ATEU1ITA00015,EU-Italy,ITA-FAR015,LA FAVORITA SNC,LA FAVORITA SNC,"VIA GAUDELLO SS162 PAL, RIEMMA - 80011 ACERRA (NA)",LA FAVORITA SNC,"VIA GAUDELLO SS162 PAL, RIEMMA - 80011 ACERRA (NA)","ERCOLANO (NA) PUNTO 1: LAT: 40°47'10.2209"" N LONG: 14°19'57.2993"" E PUNTO 2: LAT: 40°47'14.7861"" N LONG: 14°20'03.9480"" E PUNTO 3: LAT: 40°47'19.8395"" N LONG: 14°19'57.9417"" E PUNTO 4: LAT: 40°47'15.2744"" N LONG: 14°19'51.2930"" E",0
ATEU1ITA00016,EU-Italy,ITA-FAR016,Ittica Offshore del Tirreno S.p.a.,ITTICA OFFSHORE DEL TIRRENO S.P.A,VIA MISENO N.20-80070 BACOLI (NA),ITTICA OFFSHORE DEL TIRRENO S.P.A,VIA MISENO N.20-80070 BACOLI (NA),POZZUOILI (NA),0
ATEU1ITA00017,EU-Italy,ITA-FAR017,De.Mo. Pesca di Pasquale della Monica & C. s.a.s.,DE.MO. PESCA DI PASQUALE DELLA MONICA & C. S.A.S.,VIA CAMPITOLA N 1-84010 CETARA (SA),DE.MO. PESCA DI PASQUALE DELLA MONICA & C. SAS,"VIA CAMPINOLA, 1",CETARA (SA),0
ATEU1ITA00019,EU-Italy,ITA-FAR-019,Soc. Coop. Pescatori San Francesco di Paola,SOC. COOP. PESCATORI SAN FRANCESCO DI PAOLA,VIA MOLO BENGASI - 89811 VIBO MARINA (VV),SOC. COOP. PESCATORI SAN FRANCESCO DI PAOLA,VIA MOLO BENGASI - 89811 VIBO MARINA (VV),VIBO VALENTIA (VV),0
ATEU1ITA00021,EU-Italy,ITA-FAR-021,Tonnare Sulcitane s.r.l.,Tonnare Sulcitane s.r.l.,Zona Industriale Strada per Paringianu snc - 09010 Portoscuso (CI),Tonnare Sulcitane s.r.l.,Zona Industriale Strada per Paringianu snc - 09010 Portoscuso (CI),"Portoscuso (CI) PUNTO 1: LAT: 39°16’45,90’’ N LONG: 008°20’48,00’’ E PUNTO 2: LAT: 39°16’51,62’’ N LONG: 008°20’52,35’’ E PUNTO 3: LAT: 39°16’55,20’’ N LONG: 008°20’44,40’’ E PUNTO 4: LAT: 39°16’49,60’’ N LONG: 008°20’39,90’’ E",160
ATEU1ITA00022,EU-Italy,ITA-FAR-022,DG PESCA 1,Direzione Generale della pesca,Via XX Settembre 20 - 00187 Roma (RM),Direzione Generale della pesca e dell'acquacoltura,Via XX Settembre 20 - 00187 Roma (RM),Roma (RM),3010
ATEU1ITA00023,EU-Italy,ITA-FAR-023,DG PESCA 2,Direzione Generale della pesca,Via XX Settembre 20 - 00187 Roma (RM),Direzione Generale della pesca e dell'acquacoltura,Via XX Settembre 20 - 00187 Roma (RM),Roma (RM),3010
ATEU1ITA00024,EU-Italy,ITA-FAR-024,DG PESCA 3,Direzione Generale della pesca,Via XX Settembre 20 - 00187 Roma (RM),Direzione Generale della pesca e dell'acquacoltura,Via XX Settembre 20 - 00187 Roma (RM),Roma (RM),2710
ATEU1ITA00025,EU-Italy,ITA-FAR-025,DG PESCA 4,Direzione Generale della pesca,Via XX Settembre 20 - 00187 Roma (RM),Direzione Generale della pesca e dell'acquacoltura,Via XX Settembre 20 - 00187 Roma (RM),Roma (RM),2710
ATEU1ITA00020,EU-Italy,ITA-FAR-020,Orizon AcquaBios Italia s.a.r.l.,Orizon AcquaBios Italia s.a.r.l.,ZONA INDISTRIALE - 89060 - SALINE DI MONTEBELLO (RC),Orizon AcquaBios Italia s.a.r.l.,ZONA INDISTRIALE - 89060 - SALINE DI MONTEBELLO (RC),SALINE DI MONTEBELLO JONICO (RC),1400
ATEU1MLT00007,EU-Malta,MF29F,Ta' Mattew Fisheries Ltd,GIOVANNI ELLUL,"TA' MATTEW FISHERIES LTD. 'HANGAR', TRIQ IT- TRUNCIERA, MARSAXLOKK MXK1522, MALTA",TA’ MATTEW FISHERIES LTD.,"HANGAR, TRIQ IT TRUNCIERA. MARSAXLOKK. MXK1522",35.8784 (N) 14.6600 (E) 35.8785 (N) 14.6770 (E) 35.8640 (N) 14.6770 (E) 35.8640 (N) 14.6600 (E),707
ATEU1MLT00008,EU-Malta,MF28F,Mare Blu Tuna Farm,MARE BLU TUNA FARM LTD,"74, LIESSE HILL, VALETTA, MALTA",MARE BLU TUNA FARM LTD,"74 LIESSE HILL, VALLETA",SOUTH EAST AQUACULTURE ZONE 35.8930 (N) 14.6430 (E) 35.8930 (N) 14.6600 (E) 35.8784 (N) 14.6600 (E) 35.8785 (N) 14.6430 (E) 35.8930 (N) 14.6600 (E) 35.8930 (N) 14.6770 (E) 35.8785 (N) 14.6770 (E) 35.8784 (N) 14.6600 (E),4200
ATEU1MLT00001,EU-Malta,MF12F,AJD TUNA Ltd,ANTHONY AZZOPARDI & CHARLES AZZOPARDI,"AZZOPARDI FISHERIES, MOSTA ROAD, ST. PAUL'S BAY SPB3111, MALTA",AJD TUNA LIMITED,"MOSTA ROAD, ST PAUL",NORTH AQUACULTURE ZONE 35.58.33 (N) 14.24.48 (E) 35.58.45 (N) 14.24.54 (E) 35.58.34 (N) 14.25.43 (E) 35.58.19 (N) 14.25.38 (E),2247
ATEU1MLT00002,EU-Malta,MF10F,MALTA MARICULTURE LIMITED,MALTA MARICULTURE LTD,"MARFA ROAD, MELLIEHA, MLH7100, MALTA",MALTA MARICULTURE LIMITED,"MARFA ROAD, CIRKEWWA",NORTH AQUACULTURE ZONE 35.58.33 (N) 14.24.48 (E) 35.58.45 (N) 14.24.54 (E) 35.58.34 (N) 14.25.43 (E) 35.58.19 (N) 14.25.38 (E),2408
ATEU1MLT00003,EU-Malta,MF26F,Fish & Fish Ltd.,FISH & FISH LTD.,"TARXIEN ROAD, GHAXAQ, MALTA",FISH & FISH LTD.,"TARXIEN ROAD, GHAXAQ",SOUTH EAST AQUACULTURE ZONE 35.8640 (N) 14.6430 (E) 35.8640 (N) 14.6600 (E) 35.8496 (N) 14.6600 (E) 35.8495 (N) 14.6430 (E) 35.8496 (N) 14.6430 (E) 35.8496 (N) 14.6600 (E) 35.8352 (N) 14.6600 (E) 35.8352 (N) 14.6430 (E),4200
ATEU1MLT00004,EU-Malta,MF25F,MFF Ltd,SAVIOUR ELLUL,"MFF LTD. 'HANGAR', TRIQ IT- TRUNCIERA, MARSAXLOKK MXK1522, MALTA",MFF LTD,"HANGER, TRIQ IT-TRUNCIERA MARSAXLOKK, MXK 1522",SOUTH EAST AQUACULTURE ZONE 35.8785 (N) 14.6430 (E) 35.8784 (N) 14.6600 (E) 35.8640 (N) 14.6600 (E) 35.8640 (N) 14.6430 (E),4200
ATEU1PRT00003,EU-Portugal,PT2022OTAA001254801,BARRIL FARMING FACILITY,"REAL ATUNARA, S.A.",Rua Mestre de Pesca lote 234 - 8700-264 OLHÃO,"REAL ATUNARA, S.A.",Rua Mestre de Pesca lote 234 - 8700-264 OLHÃO,Latitude N 37°02’21.4’’; Longitude W 07°39’51.4’’,370
ATEU1PRT00002,EU-Portugal,PT2020OTAA002830601,TUNIRAISE,"TUNIPEX, SA","PORTO DE PESCA DE OLHÃO, ARMAZÉM 2 - APARTADO 456; 8700-914 OLHÃO","TUNIPEX, SA","PORTO DE PESCA DE OLHÃO, ARMAZEM 2, APTD. 456, 8700-914 OLHÃO",Latitude N 37°01’10’’; Longitude W 07°42’20’’,370
AT001EGY00001,Egypt,1,MARSA GARGOUB,NATIONAL COMPANY FOR FISHERIES AND AQUACULTURE,6 EL-KHALIFA EL-MAAMON; ST. MASR AL-JADIDAH - CAIRO - EGYPT,GENERAL / HAMDY BAADIEN || GENERAL / MOHAMED ELGAMEL,6 EL-KHALIFA EL-MAAMON; ST. MASR AL-JADIDAH - CAIRO - EGYPT,"31° 29’ 46, 41 . "" N, 26° 32’ 7, 14 . "" E, 31° 29’ 52, 21 . "" N, 26° 32’ 21, 21 .""E, 31° 29’ 20,42 . "" N, 26° 31’ 45, 37 . "" E, 31° 29’ 16, 92 . "" N",1800
AT001LBY00003,Libya,2,TUNA FARM OF LIBYA (TFL),NOUR AL HAIAT FISHERY CO.,"AL-ANSAR STR., BEN ASHUR, TRIPOLI, LIBYA",NOUR ALHAIAT FISHERY CO.,ALNASSAR STR.P.O. BOX 1154 TRIPOLI,"08KM NORTH OF MISURATHA HARBOUR; 32°27'N, 15°09'E",600
AT001LBY00004,Libya,4,ALHADER FARM OF TUNA,ALHADER FISHING Co.,"ZAWIAT ALDAHMANI- TRIPOLI, LIBYA",ALHADER FISHING Co.,"ZAWIAT ALDAHMANI- TRIPOLI, LIBYA","ALQARABOLLI HARBOUR -EAST OF TRIPOLI 32°47'55.8""N 13°44'47.6""E",600
AT001LBY00002,Libya,1,BLUE DIAMOND,NORTH AFRICA WAVES,"ABOSETH STREET, TRIPOLI",NORTH AFRICA WAVES FISHING COMPANY,SOUK AL GOMA- ALJALA STREET,"~10KM NE OF FISHING HARBOUR TAJOURA-TRIPOLI 32º54'N, 013º35'E",600
AT001MAR00002,Maroc,MORFARM-001,BLUE FARM,BLUE FARM SARL,"ZONE PORTUAIRE DE LARACHE, MAROC",BLUE FARM S.A.R.L,"ZONE PORTUAIRE DE LARACHE, MAROC","Point A : Lat : 35°18'17""N Long : 06°11'19""W Point B : Lat : 35°19'17""N Long : 06°11'19""W Point C : Lat : 35°19'17""N Long : 06°10'47,20""W Point D : Lat : 35°18'17""N Long : 06°10'47,20""W",3000
AT001MAR00003,Maroc,MORFARM-002,LA LEVANTADA,LA LEVANTADA SARL,"ZONE PORTUAIRE DE TANGER, MAROC",LA LEVANTADA SARL,"ZONE PORTUAIRE DE TANGER, MAROC","Point A : Lat : 35°18'10""N Long : 06°10'31""W Point B : Lat : 35°19'10""N Long : 06°10'31""W Point C : Lat : 35°19'10""N Long : 06°10'01,50""W Point D : Lat : 35°18'10""N Long : 06°10'01,50""W",1200
AT001MAR00004,Maroc,MORFARM-003,PESBAK FISH,PESBAK FISH SARL AU,"Zone portuaire de Larache BP 573, Larache, Maroc",PESBAK FISH SARL AU,"Zone portuaire de Larache BP 573, Larache, Maroc",Point A : Lat : 35°19’23’’N Long : 06°10’35’’W Point B : Lat : 35°20’27’’ N Long : 06°10’30’’W Point C : Lat : 35°20’24’’ N Long : 06°09’28’’W Point D : Lat : 35°19’21’’ N Long : 06°0,1500
AT001MAR00005,Maroc,MORFARM-004,ATLANTIQUE TUNA FARM,ATLANTIQUE TUNA FARM,"23, RUE MOUSSA IBN NOUSSAIR 1ER ETAGE N°1- TANGER",ATLANTIQUE TUNA FARM SARL,"23, RUE MOUSSA IBN NOUSSAIR 1ER ETAGE N°1- TANGER",Point A : Lat : 34°24’00’’N Long : 06°39’25’’W Point B : Lat : 34°25’14’’ N Long : 06°38’40’’W Point C : Lat : 34°25’00’’ N Long : 06°36’50’’W Point D : Lat : 34°23’41’’ N,300
AT001MAR00006,Maroc,MORFARM-005,DAM'S TUNA,DAM'S TUNA SARLAU,"Av Med V , Res Al andalouse B , 1ere etage bureau N° 14 Larache- MAROC",DAM'S TUNA SARLAU,"Av Med V , Res Al andalouse B , 1ere etage bureau N° 14 Larache -MAROC",Point A : Lat : 35°19'27.4''N Long : 6°10'55.2''W Point B : Lat : 35°20'26.8''N Long : 6°10'52.9''W Point C : Lat : 35°20'27.1''N Long : 6°10'24.1''W Point D : Lat : 35°19'26.9''N,1500
AT001NOR00008,Norway,11749,Bårøy,Firda Seafood,"Kalvøyna 75, 5970 Byrknesøy",Nicolai Berg-Arnesen,"Kalvøyna 75, 5970 Byrknesøy","N60°56,733', 4°50,683'E",30
AT001NOR00009,Norway,12978,Lyngholmen,Firda Seafood,"Kalvøyna 75, 5970 Byrknesøy",Nicolai Berg-Arnesen,"Kalvøyna 75, 5970 Byrknesøy","N61°1,000', 5°00,417'E",30
AT001NOR00002,Norway,33077,Elveneset,Firda Seafodd,"Kalvøyna 75, 5970 Byrknesøy",Nicolai Berg-Arnesen,"Kalvøyna 75, 5970 Byrknesøy","N61°12,283', 5°7,900'E",30
AT001NOR00003,Norway,11643,Hatlem,Firda Seafodd,"Kalvøyna 75, 5970 Byrknesøy",Nicolai Berg-Arnesen,"Kalvøyna 75, 5970 Byrknesøy","N61°12,033', 5°15,683'E",30
AT001NOR00004,Norway,36297,Kjeringeholmen,Firda Seafodd,"Kalvøyna 75, 5970 Byrknesøy",Nicolai Berg-Arnesen,"Kalvøyna 75, 5970 Byrknesøy","N61°23,433', 4°58,933'E",30
AT001NOR00005,Norway,11737,Skorpa,Firda Seafodd,"Kalvøyna 75, 5970 Byrknesøy",Nicolai Berg-Arnesen,"Kalvøyna 75, 5970 Byrknesøy","N60°56,700', 4°53,083'E",30
AT001NOR00006,Norway,11700,Storeneset,Firda Seafodd,"Kalvøyna 75, 5970 Byrknesøy",Nicolai Berg-Arnesen,"Kalvøyna 75, 5970 Byrknesøy","N60°52,567', 5°1,717'E",30
AT001NOR00007,Norway,10311,Storlia,Firda Seafodd,"Kalvøyna 75, 5970 Byrknesøy",Nicolai Berg-Arnesen,"Kalvøyna 75, 5970 Byrknesøy","N61°12,183', 5°11,550'E",30
AT001NOR00001,Norway,IMR-01,Byrknes,Viking Delights,"Høgvollvegen 8, 6018 Ålesund",Erling Johan Ostnes,"Høgvollvegen 8, 6018 Ålesund",Byrknesfjorden,18
AT001TUN00005,Tunisie,0818812Y,Société Neifer et Ben Hmida (SNB),JAOUHER BEN HMIDA ET SAMI NEIFER,"11, NOUVEAU PORT DE PÊCHE DE SFAX, 3065 SFAX",SOCIETE NEIFER ET BEN HMIDA (SNB),"11, NOUVEAU PORT DE PÊCHE DE SFAX, 3065 SFAX",35°18’10’’N - 11°08’ 26’’ E 35°18’10’’N - 11°08’ 10’’ E 35°17’53’’N - 11°08’ 26’’ E 35°17’53’’N - 11°08’ 10’’ E,0
AT001TUN00006,Tunisie,B161042002,Taher Hajji et Cie (THC),TAHER HAJJI ET MOHAMED CHIHA,JARA RUE DE SOLEIL 6000 GÀBES,TAHER HAJJI ET CIE (THC),JARA RUE DE SOLEIL 6000 GÀBES MAHDIA,35°18’10’’N - 11°08’ 56’’ E 35°18’10’’N - 11°08’ 40’’ E 35°17’53’’N - 11°08’ 56’’ E 35°17’53’’N - 11°08’ 40’’ E,0
AT001TUN00008,Tunisie,,SAMAKA TUNA FARM,BOUTHEINA BOUZOUITA,44 RUE MOUAOYA IBN ABI SOUFIEN Menzah 7 ariana,BOUTHEINA BOUZOUITA,44 RUE MOUAOYA IBN ABI SOUFIEN Menzah 7 ariana,ben khiar nabeul,500
AT001TUN00001,Tunisie,B18992003,Vivier Maritime de Tunisie (VMT),Société M.F.F (51%) - Sahbi Sallem (49%),"Tunis, TUNISIE",Sahbi Sallem,"Sfax, Tunisie",36°00’18’’N-10°34’ 36’’E 36°00’18’’N-10°34’ 55’’E 36°00’15’’N-10°34’ 0’’E 36°00’15’’N-10°34’ 37’’E,400
AT001TUN00002,Tunisie,784034SAM,Tunisia Tuna (TT),ABDELWAHEBBEN ROMDHANE,"ZONE INDUSTRIELLE REJICH BP. 138, 5100 MAHDIA, TUNISIE",TUNISIA TUNA (TT),"ZONE INDUSTRIELLE REJICH BP, 5100 MAHDIA, TUNISIE",35°25’0’’N-11°04’ 40’’E 35°25’00’’N-11°05’ 04’’E 35°24’38’’N-11°04’ 40’’E 35°24’38’’N-11°05’ 04’’E,2200
AT001TUN00003,Tunisie,B11302003,Sagun-Douss,"Mehdi Douss (50%) - Ahmet Sagun (49.999%) - Sabrine Douss (0,001%)","TUNIS, TUNISIE",Neji Douss,"MAHDIA, TUNISIE",35°19’00’’N - 11°09’ 10’’ E 35°19’00’’N - 11°08’ 10’’ E 35°18’42’’N - 11°09’ 10’’ E 35°18’42’’N - 11°08’ 45’’ E,500
AT001TUN00004,Tunisie,0584123E,Tuna Farms of Tunisia (TFT),RIDHA SALLEM,"PORT DE HERGLA BP23, CP 4012 TUNISIE",TUNA FARMS OF TUNISIA (TFT),PORT DE PECHE HERGLA 4012 HERGLA,36°01’49’’N - 10°34’ 0 ’’ E 36°01’38’’N - 10°34’ 0 ’’ E 36°01’49’’N - 10°34’ 37’ E 36°01’38’’N - 10°34’ 37’’ E,1950
AT001TUR00004,Türkiye,35-39,Sagun Tuna Farming,KEMAL BALIKCILIK IHRACAT LTD. STI.,OSMANGAZI MAH. BATTALGAZI CAD. SAGUN PLAZA NO: 21 34887 ISTANBUL / SANCAKTEPE / TURKEY,KEMAL BALIKÇILIK IHRACAT LTD. STI.,OSMANGAZI MAH. BATTALGAZI CAD. SAGUN PLAZA NO: 21 34887 ISTANBUL / SANCAKTEPE / TURKEY,"N 38º 29' 16,73"" E 26º23' 23,12"" N 38º29'22,41"" E 26º23' 23,08""",800
AT001TUR00005,Türkiye,B.35.07.0063,Akua Group Orkinos Besiciligi Projesi,AKUA-GROUP SU ÜRÜNLERI A.S.,Esentepe Mah. Büyükdere Cad. No:201 D:14 Sisli/ISTANBUL TÜRKIYE,AKUA-GROUP SU ÜRÜNLERI A.S.,Esentepe Mah. Büyükdere Cad. No:201 D:14 Sisli/ISTANBUL TÜRKIYE,"GERENCE KÖRHEZI, KARABURUN, ÇESME, IZMIR",800
AT001TUR00010,Türkiye,B.35.07.0075,KILIÇ Orkinos Besiciligi Projesi,KILIÇ DENIZ ÜRÜNLERI ÜRETIM IHR.ITH.VE TIC.A.S.,ATATÜRK CAD. ÇUKURBAHÇE SK. NO:4 BODRUM-MUGLA,KILIÇ DENIZ ÜRÜNLERI ÜRETIM IHR.ITH.VE TIC.A.S.,ATATÜRK CAD. ÇUKURBAHÇE SK. NO:4 BODRUM-MUGLA-TÜRKIYE,"TOPRAK ADA MEVKII, KARABURUN, IZMIR",1840
AT001TUR00011,Türkiye,B.35.07.0092,Sagun Orkinoz Besiciligi Projesi,KEMAL BALIKCILIK IHRACAT LTD.STI.,OSMANGAZI MAH. BATTALGAZI CAD. SAGUN PLAZA NO: 21 34887 ISTANBUL / SANCAKTEPE / TURKEY,KEMAL BALIKÇILIK IHRACAT LTD. STI.,OSMAN GAZI MAH. BATTALGAZI CADDESI SAGUN PLAZA NO 21 34887 SANCAKTEPE ISTANBUL,"TOPRAK ADA MEVKII, KARABURUN, IZMIR",1000
AT001TUR00013,Türkiye,B.35.07.0084,AK-TUNA ORKINOS BESICILIGI PROJESI,AK-TUNA GEMICILIK BALIKÇILIK TURIZM VE DIS TICARET LTD.STI.,"Adnan Kahveci Mah. Çalislar Cad. Midpoint No:2/22 Beylikdüzü, Istanbul,Türkiye",AK-TUNA GEMICILIK BALIKÇILIK TURIZM VE DIS TIC. LTD. STI.,"Adnan Kahveci Mah. Çalislar Cad. Midpoint No:2/22 Beylikdüzü, Istanbul,Türkiye","ÇIFTE ADALAR, ILDIR, ÇESME, IZMIR",1000
AT001TUR00014,Türkiye,B.35.07.0124,BASARANLAR ORKINOS BESICILIGI PROJESI,BASARANLAR SU URUNLERI YETISTIRICILIGI SAN. VE TIC. LTD. STI,ATATÜRK MAH. HÜRRIYET CAD. N.50 GÜMÜLDÜR-MENDERES/IZMIR,BASARANLAR SU URUNLERI YETISTIRICILIGI SAN. VE TIC. LTD. STI.,ATATÜRK MAH. HÜRRIYET CAD. N.50 GÜMÜLDÜR-MENDERES/IZMIR,"38° 07' 49, 03"" N 26° 39' 28, 19"" E 38° 07' 48, 05"" N 26° 39' 33, 81"" E 38° 07' 40, 26"" N 26° 39' 25, 20"" E 38° 07' 39, 28"" N 26° 39' 30, 83"" E",900
